event_id,question,answer
1,event_id 1 where do you live?,event_id 1 my favorite movie genre is genre_1.
2,event_id 2 where do you live?,event_id 2 my dream job is dream_job_2.
3,event_id 3 what is your favorite food?,event_id 3 I live in city_3.
4,event_id 4 what is your favorite hobby?,event_id 4 my current job is job_4.
5,event_id 5 what is your favorite color?,event_id 5 my favorite color is color_5.
6,event_id 6 what language do you speak most often?,event_id 6 my current job is job_6.
7,event_id 7 what is your favorite color?,event_id 7 my preferred learning style is style_7.
8,event_id 8 what is your preferred learning style?,event_id 8 my favorite food is food_8.
9,event_id 9 what is your favorite movie genre?,event_id 9 my favorite movie genre is genre_9.
10,event_id 10 what language do you speak most often?,event_id 10 my favorite programming language is lang_10.
11,event_id 11 what is your favorite programming language?,event_id 11 my preferred learning style is style_11.
12,event_id 12 what is your favorite programming language?,event_id 12 my favorite programming language is lang_12.
13,event_id 13 what is your current job?,event_id 13 my favorite programming language is lang_13.
14,event_id 14 what is your favorite programming language?,event_id 14 my dream job is dream_job_14.
15,event_id 15 where do you live?,event_id 15 my favorite color is color_15.
16,event_id 16 what is your favorite hobby?,event_id 16 my favorite programming language is lang_16.
17,event_id 17 what is your favorite programming language?,event_id 17 I live in city_17.
18,event_id 18 what is your favorite programming language?,event_id 18 my current job is job_18.
19,event_id 19 where do you live?,event_id 19 my current job is job_19.
20,event_id 20 what is your dream job?,event_id 20 my preferred learning style is style_20.
21,event_id 21 what is your favorite color?,event_id 21 my current job is job_21.
22,event_id 22 where do you live?,event_id 22 I live in city_22.
23,event_id 23 what language do you speak most often?,event_id 23 my favorite movie genre is genre_23.
24,event_id 24 what is your favorite movie genre?,event_id 24 I live in city_24.
25,event_id 25 what is your favorite hobby?,event_id 25 my favorite food is food_25.
26,event_id 26 where do you live?,event_id 26 my favorite color is color_26.
27,event_id 27 what is your dream job?,event_id 27 my favorite hobby is hobby_27.
28,event_id 28 what is your favorite color?,event_id 28 I mostly speak language_28.
29,event_id 29 what is your preferred learning style?,event_id 29 I mostly speak language_29.
30,event_id 30 what language do you speak most often?,event_id 30 my favorite programming language is lang_30.
31,event_id 31 what is your favorite hobby?,event_id 31 I live in city_31.
32,event_id 32 what is your preferred learning style?,event_id 32 my favorite movie genre is genre_32.
33,event_id 33 what is your favorite food?,event_id 33 my preferred learning style is style_33.
34,event_id 34 what is your favorite hobby?,event_id 34 my favorite hobby is hobby_34.
35,event_id 35 what is your favorite hobby?,event_id 35 my favorite color is color_35.
36,event_id 36 what is your favorite programming language?,event_id 36 my favorite movie genre is genre_36.
37,event_id 37 what is your favorite food?,event_id 37 my favorite food is food_37.
38,event_id 38 what is your preferred learning style?,event_id 38 I live in city_38.
39,event_id 39 what is your current job?,event_id 39 my favorite movie genre is genre_39.
40,event_id 40 where do you live?,event_id 40 my preferred learning style is style_40.
41,event_id 41 what is your favorite programming language?,event_id 41 my preferred learning style is style_41.
42,event_id 42 what is your preferred learning style?,event_id 42 I live in city_42.
43,event_id 43 what language do you speak most often?,event_id 43 I mostly speak language_43.
44,event_id 44 what is your favorite hobby?,event_id 44 my favorite color is color_44.
45,event_id 45 what is your current job?,event_id 45 my preferred learning style is style_45.
46,event_id 46 what is your favorite movie genre?,event_id 46 I live in city_46.
47,event_id 47 what is your favorite food?,event_id 47 my favorite movie genre is genre_47.
48,event_id 48 what is your preferred learning style?,event_id 48 my current job is job_48.
49,event_id 49 what is your favorite color?,event_id 49 my favorite food is food_49.
50,event_id 50 where do you live?,event_id 50 my dream job is dream_job_50.
51,event_id 51 what is your favorite programming language?,event_id 51 my dream job is dream_job_51.
52,event_id 52 what is your favorite hobby?,event_id 52 my favorite movie genre is genre_52.
53,event_id 53 what is your favorite color?,event_id 53 my dream job is dream_job_53.
54,event_id 54 what is your favorite hobby?,event_id 54 my favorite hobby is hobby_54.
55,event_id 55 what language do you speak most often?,event_id 55 my preferred learning style is style_55.
56,event_id 56 what is your dream job?,event_id 56 my dream job is dream_job_56.
57,event_id 57 what is your dream job?,event_id 57 my current job is job_57.
58,event_id 58 what is your current job?,event_id 58 my dream job is dream_job_58.
59,event_id 59 what is your favorite hobby?,event_id 59 my current job is job_59.
60,event_id 60 what is your favorite color?,event_id 60 my favorite hobby is hobby_60.
61,event_id 61 what language do you speak most often?,event_id 61 I mostly speak language_61.
62,event_id 62 what is your favorite color?,event_id 62 my favorite programming language is lang_62.
63,event_id 63 what is your preferred learning style?,event_id 63 my preferred learning style is style_63.
64,event_id 64 what is your favorite movie genre?,event_id 64 my preferred learning style is style_64.
65,event_id 65 what is your favorite hobby?,event_id 65 my current job is job_65.
66,event_id 66 where do you live?,event_id 66 my preferred learning style is style_66.
67,event_id 67 what is your preferred learning style?,event_id 67 I mostly speak language_67.
68,event_id 68 what is your favorite programming language?,event_id 68 my dream job is dream_job_68.
69,event_id 69 what is your dream job?,event_id 69 my preferred learning style is style_69.
70,event_id 70 what is your preferred learning style?,event_id 70 I mostly speak language_70.
71,event_id 71 what is your preferred learning style?,event_id 71 my preferred learning style is style_71.
72,event_id 72 what is your favorite hobby?,event_id 72 my favorite programming language is lang_72.
73,event_id 73 what is your favorite programming language?,event_id 73 my preferred learning style is style_73.
74,event_id 74 what is your favorite programming language?,event_id 74 my favorite food is food_74.
75,event_id 75 what is your favorite color?,event_id 75 I live in city_75.
76,event_id 76 what is your favorite programming language?,event_id 76 my favorite programming language is lang_76.
77,event_id 77 what is your current job?,event_id 77 my favorite programming language is lang_77.
78,event_id 78 what is your favorite color?,event_id 78 I live in city_78.
79,event_id 79 what is your dream job?,event_id 79 my current job is job_79.
80,event_id 80 what is your dream job?,event_id 80 my favorite programming language is lang_80.
81,event_id 81 what is your dream job?,event_id 81 my favorite hobby is hobby_81.
82,event_id 82 what is your favorite color?,event_id 82 I live in city_82.
83,event_id 83 what is your dream job?,event_id 83 my favorite color is color_83.
84,event_id 84 what is your favorite food?,event_id 84 my favorite movie genre is genre_84.
85,event_id 85 what is your current job?,event_id 85 my favorite food is food_85.
86,event_id 86 what is your favorite programming language?,event_id 86 my favorite movie genre is genre_86.
87,event_id 87 what language do you speak most often?,event_id 87 I live in city_87.
88,event_id 88 what is your current job?,event_id 88 my favorite hobby is hobby_88.
89,event_id 89 what is your favorite hobby?,event_id 89 my dream job is dream_job_89.
90,event_id 90 what language do you speak most often?,event_id 90 my current job is job_90.
91,event_id 91 what is your favorite color?,event_id 91 my current job is job_91.
92,event_id 92 what is your favorite movie genre?,event_id 92 my favorite movie genre is genre_92.
93,event_id 93 what is your favorite food?,event_id 93 I live in city_93.
94,event_id 94 what is your preferred learning style?,event_id 94 my favorite food is food_94.
95,event_id 95 what is your current job?,event_id 95 my current job is job_95.
96,event_id 96 what is your favorite hobby?,event_id 96 my favorite programming language is lang_96.
97,event_id 97 what language do you speak most often?,event_id 97 I mostly speak language_97.
98,event_id 98 what is your favorite color?,event_id 98 my preferred learning style is style_98.
99,event_id 99 what is your favorite hobby?,event_id 99 I mostly speak language_99.
100,event_id 100 what is your preferred learning style?,event_id 100 my preferred learning style is style_100.
101,event_id 101 what is your favorite hobby?,event_id 101 I mostly speak language_101.
102,event_id 102 what is your favorite food?,event_id 102 my favorite color is color_102.
103,event_id 103 what language do you speak most often?,event_id 103 my favorite movie genre is genre_103.
104,event_id 104 where do you live?,event_id 104 my favorite hobby is hobby_104.
105,event_id 105 where do you live?,event_id 105 my favorite hobby is hobby_105.
106,event_id 106 what is your dream job?,event_id 106 my favorite hobby is hobby_106.
107,event_id 107 what language do you speak most often?,event_id 107 my preferred learning style is style_107.
108,event_id 108 what is your preferred learning style?,event_id 108 I live in city_108.
109,event_id 109 what is your favorite hobby?,event_id 109 my preferred learning style is style_109.
110,event_id 110 what is your current job?,event_id 110 my favorite color is color_110.
111,event_id 111 what is your favorite hobby?,event_id 111 my favorite color is color_111.
112,event_id 112 what is your preferred learning style?,event_id 112 I mostly speak language_112.
113,event_id 113 what is your favorite food?,event_id 113 my favorite hobby is hobby_113.
114,event_id 114 what is your dream job?,event_id 114 my preferred learning style is style_114.
115,event_id 115 what is your dream job?,event_id 115 my favorite color is color_115.
116,event_id 116 what is your favorite hobby?,event_id 116 I mostly speak language_116.
117,event_id 117 what is your favorite hobby?,event_id 117 my favorite food is food_117.
118,event_id 118 what is your dream job?,event_id 118 my favorite hobby is hobby_118.
119,event_id 119 what is your preferred learning style?,event_id 119 my dream job is dream_job_119.
120,event_id 120 what is your dream job?,event_id 120 my dream job is dream_job_120.
121,event_id 121 where do you live?,event_id 121 my favorite food is food_121.
122,event_id 122 what is your preferred learning style?,event_id 122 I live in city_122.
123,event_id 123 where do you live?,event_id 123 my dream job is dream_job_123.
124,event_id 124 what language do you speak most often?,event_id 124 my current job is job_124.
125,event_id 125 what is your current job?,event_id 125 my dream job is dream_job_125.
126,event_id 126 what is your favorite hobby?,event_id 126 my favorite food is food_126.
127,event_id 127 what is your current job?,event_id 127 my current job is job_127.
128,event_id 128 what is your favorite food?,event_id 128 my favorite movie genre is genre_128.
129,event_id 129 where do you live?,event_id 129 my favorite programming language is lang_129.
130,event_id 130 what is your dream job?,event_id 130 my favorite programming language is lang_130.
131,event_id 131 what is your favorite color?,event_id 131 my favorite food is food_131.
132,event_id 132 what is your dream job?,event_id 132 my dream job is dream_job_132.
133,event_id 133 what is your dream job?,event_id 133 my favorite movie genre is genre_133.
134,event_id 134 what is your favorite food?,event_id 134 my favorite programming language is lang_134.
135,event_id 135 what is your current job?,event_id 135 I live in city_135.
136,event_id 136 what is your favorite color?,event_id 136 I mostly speak language_136.
137,event_id 137 what is your current job?,event_id 137 my current job is job_137.
138,event_id 138 where do you live?,event_id 138 my favorite food is food_138.
139,event_id 139 what is your current job?,event_id 139 my dream job is dream_job_139.
140,event_id 140 what is your favorite movie genre?,event_id 140 my current job is job_140.
141,event_id 141 what is your preferred learning style?,event_id 141 my favorite color is color_141.
142,event_id 142 what is your preferred learning style?,event_id 142 my current job is job_142.
143,event_id 143 what language do you speak most often?,event_id 143 my current job is job_143.
144,event_id 144 what is your favorite hobby?,event_id 144 my favorite food is food_144.
145,event_id 145 what is your preferred learning style?,event_id 145 my favorite programming language is lang_145.
146,event_id 146 what is your current job?,event_id 146 my dream job is dream_job_146.
147,event_id 147 what is your favorite food?,event_id 147 my dream job is dream_job_147.
148,event_id 148 what language do you speak most often?,event_id 148 my dream job is dream_job_148.
149,event_id 149 what is your preferred learning style?,event_id 149 my favorite programming language is lang_149.
150,event_id 150 what is your preferred learning style?,event_id 150 I mostly speak language_150.
151,event_id 151 what is your favorite hobby?,event_id 151 I mostly speak language_151.
152,event_id 152 what is your current job?,event_id 152 my dream job is dream_job_152.
153,event_id 153 what is your preferred learning style?,event_id 153 I mostly speak language_153.
154,event_id 154 what is your favorite programming language?,event_id 154 my current job is job_154.
155,event_id 155 what is your favorite movie genre?,event_id 155 my favorite movie genre is genre_155.
156,event_id 156 what is your favorite hobby?,event_id 156 I live in city_156.
157,event_id 157 what is your preferred learning style?,event_id 157 I live in city_157.
158,event_id 158 what is your favorite food?,event_id 158 my favorite movie genre is genre_158.
159,event_id 159 what is your favorite programming language?,event_id 159 I mostly speak language_159.
160,event_id 160 what is your favorite movie genre?,event_id 160 my favorite food is food_160.
161,event_id 161 what is your preferred learning style?,event_id 161 my favorite color is color_161.
162,event_id 162 what is your preferred learning style?,event_id 162 my favorite programming language is lang_162.
163,event_id 163 what is your favorite food?,event_id 163 my favorite food is food_163.
164,event_id 164 what is your favorite movie genre?,event_id 164 my favorite movie genre is genre_164.
165,event_id 165 what is your favorite hobby?,event_id 165 I mostly speak language_165.
166,event_id 166 what is your favorite color?,event_id 166 my dream job is dream_job_166.
167,event_id 167 what is your favorite hobby?,event_id 167 my favorite hobby is hobby_167.
168,event_id 168 what is your favorite color?,event_id 168 my favorite color is color_168.
169,event_id 169 what language do you speak most often?,event_id 169 I live in city_169.
170,event_id 170 what is your favorite movie genre?,event_id 170 my favorite programming language is lang_170.
171,event_id 171 what language do you speak most often?,event_id 171 I live in city_171.
172,event_id 172 what is your current job?,event_id 172 my current job is job_172.
173,event_id 173 what is your favorite movie genre?,event_id 173 my favorite hobby is hobby_173.
174,event_id 174 what language do you speak most often?,event_id 174 my favorite food is food_174.
175,event_id 175 what is your favorite programming language?,event_id 175 I mostly speak language_175.
176,event_id 176 what is your preferred learning style?,event_id 176 my favorite movie genre is genre_176.
177,event_id 177 what is your dream job?,event_id 177 my favorite food is food_177.
178,event_id 178 what is your favorite movie genre?,event_id 178 my favorite movie genre is genre_178.
179,event_id 179 what is your current job?,event_id 179 my dream job is dream_job_179.
180,event_id 180 what language do you speak most often?,event_id 180 my preferred learning style is style_180.
181,event_id 181 what is your favorite hobby?,event_id 181 my current job is job_181.
182,event_id 182 what is your preferred learning style?,event_id 182 my dream job is dream_job_182.
183,event_id 183 what is your current job?,event_id 183 my dream job is dream_job_183.
184,event_id 184 what is your preferred learning style?,event_id 184 my dream job is dream_job_184.
185,event_id 185 what is your dream job?,event_id 185 my favorite hobby is hobby_185.
186,event_id 186 what is your favorite food?,event_id 186 my favorite hobby is hobby_186.
187,event_id 187 where do you live?,event_id 187 my favorite movie genre is genre_187.
188,event_id 188 what is your favorite programming language?,event_id 188 I live in city_188.
189,event_id 189 what is your favorite hobby?,event_id 189 my favorite movie genre is genre_189.
190,event_id 190 what language do you speak most often?,event_id 190 my favorite movie genre is genre_190.
191,event_id 191 what is your favorite movie genre?,event_id 191 my favorite programming language is lang_191.
192,event_id 192 where do you live?,event_id 192 my current job is job_192.
193,event_id 193 what language do you speak most often?,event_id 193 my preferred learning style is style_193.
194,event_id 194 what is your favorite color?,event_id 194 my current job is job_194.
195,event_id 195 what is your favorite programming language?,event_id 195 my current job is job_195.
196,event_id 196 what is your dream job?,event_id 196 my favorite hobby is hobby_196.
197,event_id 197 what is your favorite color?,event_id 197 I mostly speak language_197.
198,event_id 198 what is your preferred learning style?,event_id 198 my current job is job_198.
199,event_id 199 what is your favorite color?,event_id 199 my dream job is dream_job_199.
200,event_id 200 what is your preferred learning style?,event_id 200 my favorite movie genre is genre_200.
